BSNS_NO,FCLTY_NM,ITEM_CD,ITEM_NM,CTPRVN_CD,CTPRVN_NM,SIGNGU_CD,SIGNGU_NM,FCLTY_ADDR,FCLTY_DETAIL_ADDR,ZIP_NO,TEL_NO,COURSE_NM,COURSE_NO,COURSE_ESTBL_YEAR,COURSE_ESTBL_MT,COURSE_BEGIN_DE,COURSE_END_DE,COURSE_REQST_NMPR_CO,COURSE_PRC
1029300915,경희대석사 슈퍼키즈태권도,22,태권도,41,경기,41220,평택시,경기도 평택시 고덕면 고덕국제대로 180,동양파라곤 단지내상가 103호 경희대석사 슈퍼키즈태권도(고덕국제신도시파라곤),17770,,슈퍼키즈 태권도,212589,2024,09,20240901,20240930,4,100000.00000
1059083160,성산경원태권도,22,태권도,11,서울,11440,마포구,서울 마포구 중동 1~99,64-25현대상가4층9호,12187,023032671,태권도,170736,2024,09,20240901,20240930,6,100000.00000
1069057267,경희대효태권도교육관,22,태권도,11,서울,11170,용산구,서울 용산구 도원동 삼성래미안아파트,상가 401호 경희대효태권도 교육관,14074,027157892,태권도 및  줄넘기,14812,2024,09,20240901,20240930,1,100000.00000
1069060291,경희태권도,22,태권도,11,서울,11170,용산구,서울 용산구 이촌2동 192~197,193-4,14085,027150742,태권도,53507,2024,09,20240901,20240930,1,150000.00000
1069060291,경희태권도,22,태권도,11,서울,11170,용산구,서울 용산구 이촌2동 192~197,193-4,14085,027150742,태권도,53874,2024,09,20240901,20240930,1,160000.00000
1069060291,경희태권도,22,태권도,11,서울,11170,용산구,서울 용산구 이촌2동 192~197,193-4,14085,027150742,태권도,53507,2024,10,20241001,20241031,1,150000.00000
1069060291,경희태권도,22,태권도,11,서울,11170,용산구,서울 용산구 이촌2동 192~197,193-4,14085,027150742,태권도,53874,2024,10,20241001,20241031,1,160000.00000
1069060291,경희태권도,22,태권도,11,서울,11170,용산구,서울 용산구 이촌2동 192~197,193-4,14085,027150742,태권도,53874,2024,11,20241101,20241130,0,160000.00000
1108210795,서부재활체육센터,12,수영,11,서울,11380,은평구,서울 은평구 구산동 사회복지법인은평천사원,191-1 서부재활체육센터,12271,023886622,은평천사원,165620,2024,09,20240901,20240930,5,100000.00000
1108210795,서부재활체육센터,04,농구,11,서울,11380,은평구,서울 은평구 구산동 사회복지법인은평천사원,191-1 서부재활체육센터,12271,023886622,토요농구 B,1933527,2024,09,20240901,20240930,1,52000.00000
1108210795,서부재활체육센터,12,수영,11,서울,11380,은평구,서울 은평구 구산동 사회복지법인은평천사원,191-1 서부재활체육센터,12271,023886622,"성인수영(월,수,금/20시)",2465536,2024,09,20240901,20240930,1,112000.00000
1108210795,서부재활체육센터,12,수영,11,서울,11380,은평구,서울 은평구 구산동 사회복지법인은평천사원,191-1 서부재활체육센터,12271,023886622,"초등수영 단체(월,수,금)",2465540,2024,09,20240901,20240930,1,96000.00000
1108210795,서부재활체육센터,04,농구,11,서울,11380,은평구,서울 은평구 구산동 사회복지법인은평천사원,191-1 서부재활체육센터,12271,023886622,농구,427466,2024,09,20240901,20240930,1,63000.00000
1108210795,서부재활체육센터,04,농구,11,서울,11380,은평구,서울 은평구 구산동 사회복지법인은평천사원,191-1 서부재활체육센터,12271,023886622,토요농구 A(10시),427467,2024,09,20240901,20240930,1,52000.00000
1108210795,서부재활체육센터,12,수영,11,서울,11380,은평구,서울 은평구 구산동 사회복지법인은평천사원,191-1 서부재활체육센터,12271,023886622,"성인수영(화,목,토/21시)",436462,2024,09,20240901,20240930,1,95000.00000
1108210795,서부재활체육센터,12,수영,11,서울,11380,은평구,서울 은평구 구산동 사회복지법인은평천사원,191-1 서부재활체육센터,12271,023886622,은평천사원,165620,2024,10,20241001,20241031,4,100000.00000
1108210795,서부재활체육센터,04,농구,11,서울,11380,은평구,서울 은평구 구산동 사회복지법인은평천사원,191-1 서부재활체육센터,12271,023886622,토요농구 B,1933527,2024,10,20241001,20241031,1,52000.00000
1108210795,서부재활체육센터,12,수영,11,서울,11380,은평구,서울 은평구 구산동 사회복지법인은평천사원,191-1 서부재활체육센터,12271,023886622,"초등수영 단체(월,수,금)",2465540,2024,10,20241001,20241031,1,96000.00000
1108210795,서부재활체육센터,04,농구,11,서울,11380,은평구,서울 은평구 구산동 사회복지법인은평천사원,191-1 서부재활체육센터,12271,023886622,토요농구 A(10시),427467,2024,10,20241001,20241031,1,52000.00000
1108210795,서부재활체육센터,12,수영,11,서울,11380,은평구,서울 은평구 구산동 사회복지법인은평천사원,191-1 서부재활체육센터,12271,023886622,"성인수영(화,목,토/21시)",436462,2024,10,20241001,20241031,1,95000.00000
1109058076,수색 광무 태권도,22,태권도,11,서울,11380,은평구,서울 은평구 수색동 대림아파트,상가302호,12275,023025577,태권도,195497,2024,09,20240901,20240930,5,100000.00000
1109058076,수색 광무 태권도,22,태권도,11,서울,11380,은평구,서울 은평구 수색동 대림아파트,상가302호,12275,023025577,태권도,282849,2024,09,20240901,20240930,2,100000.00000
1109058076,수색 광무 태권도,22,태권도,11,서울,11380,은평구,서울 은평구 수색동 대림아파트,상가302호,12275,023025577,태권도,195497,2024,10,20241001,20241031,4,100000.00000
1109058076,수색 광무 태권도,22,태권도,11,서울,11380,은평구,서울 은평구 수색동 대림아파트,상가302호,12275,023025577,태권도,282849,2024,10,20241001,20241031,2,100000.00000
1179136916,탑태권스쿨,22,태권도,11,서울,11470,양천구,서울특별시 양천구 신월로10길 29,"삼동타운101호 탑 태권스쿨(신월동, 삼동타운)",15884,0226067888,태권도,675460,2024,09,20240901,20240930,5,100000.00000
1179136916,탑태권스쿨,22,태권도,11,서울,11470,양천구,서울특별시 양천구 신월로10길 29,"삼동타운101호 탑 태권스쿨(신월동, 삼동타운)",15884,0226067888,태권도,675460,2024,10,20241001,20241031,5,100000.00000
1191673657,특공무술신림도장,75,합기도,11,서울,11620,관악구,서울 관악구 신림12동 747~766,750-1,15188,,특공무술,2248996,2024,09,20240901,20240930,5,100000.00000
1199178101,한국체대 정진태권도,22,태권도,11,서울,11545,금천구,서울 금천구 독산1동 금천현대아파트,상가 2층 초아태권도 (독산동，금천현대아파트),15375,028058050,태권도,176518,2024,09,20240901,20240930,12,100000.00000
1221748864,맹호체육관,03,기타종목,28,인천,28237,부평구,인천 부평구 부개1동 211~316,259-19 승민빌딩4층 특공무술 맹호체육관,40381,,특공무술 주짓수 맹호체육관,871571,2024,09,20240901,20240930,9,100000.00000
1221748864,맹호체육관,03,기타종목,28,인천,28237,부평구,인천 부평구 부개1동 211~316,259-19 승민빌딩4층 특공무술 맹호체육관,40381,,특공무술 주짓수 맹호체육관,871571,2024,10,20241001,20241031,6,100000.00000
1228205863,부평남부체육센터,12,수영,28,인천,28237,부평구,인천광역시 부평구 동수로 66,부평남부체육센터 1층 사무실(부평동),21431,0325287505,어린이 수영(월수금),2248536,2024,10,20240919,20240923,1,45000.00000
1229228322,용인대비룡태권도장,22,태권도,28,인천,28245,계양구,인천광역시 계양구 병방로 138-2,희광빌딩 5층,21028,0325488573,태권도,2316645,2024,09,20240901,20240930,13,100000.00000
1229228322,용인대비룡태권도장,22,태권도,28,인천,28245,계양구,인천광역시 계양구 병방로 138-2,희광빌딩 5층,21028,0325488573,태권도,2316645,2024,10,20241001,20241031,13,100000.00000
1259173945,용인대 가온누리 태권도장,22,태권도,41,경기,41550,안성시,경기 안성시 금산동 주은청설아파트,75-3 후문상가 3층 용인대 비호 태권도장,45670,0316772949,태권도,14639,2024,09,20240901,20240930,5,160000.00000
1259173945,용인대 가온누리 태권도장,22,태권도,41,경기,41550,안성시,경기 안성시 금산동 주은청설아파트,75-3 후문상가 3층 용인대 비호 태권도장,45670,0316772949,태권도,14639,2024,10,20241001,20241031,6,160000.00000
1259173945,용인대 가온누리 태권도장,22,태권도,41,경기,41550,안성시,경기 안성시 금산동 주은청설아파트,75-3 후문상가 3층 용인대 비호 태권도장,45670,0316772949,태권도,14639,2024,11,20241101,20241130,5,160000.00000
1269069108,키즈중앙태권도장,22,태권도,41,경기,41670,여주시,경기도 여주시 여양로 341,2층 키즈중앙태권도장(오학동),12637,0318867070,태권도,171114,2024,09,20240901,20240930,11,100000.00000
1269069108,키즈중앙태권도장,22,태권도,41,경기,41670,여주시,경기도 여주시 여양로 341,2층 키즈중앙태권도장(오학동),12637,0318867070,태권도,171114,2024,10,20241001,20241031,10,100000.00000
1269103438,부발태권도체육관,22,태권도,41,경기,41500,이천시,경기도 이천시 부발읍 무천리 179-3,부발태권도체육관,46786,0316333948,부발 태권도 체육관,2320539,2024,09,20240901,20240930,9,100000.00000
1269154000,용인대 아이신성 태권도장,22,태권도,41,경기,41670,여주시,경기 여주군 가남읍 심성리,118 세광리피타운상가4층,46971,0318837658,태권도,168219,2024,09,20240901,20240930,10,100000.00000
1269154000,용인대 아이신성 태권도장,22,태권도,41,경기,41670,여주시,경기 여주군 가남읍 심성리,118 세광리피타운상가4층,46971,0318837658,태권도,168219,2024,10,20241001,20241031,10,100000.00000
1279163308,중앙광정태권도장,22,태권도,41,경기,41150,의정부시,경기 의정부시 의정부1동 214~239,(의정부동),48084,0318414206,중앙광정태권도장,11939,2024,09,20240901,20240930,14,100000.00000
1279163308,중앙광정태권도장,22,태권도,41,경기,41150,의정부시,경기 의정부시 의정부1동 214~239,(의정부동),48084,0318414206,중앙광정태권도장,11939,2024,10,20241001,20241031,14,100000.00000
1289037956,천하태권도장,22,태권도,41,경기,41480,파주시,경기 파주시 법원읍 법원5리,445-1,41387,,태권도,1,2024,09,20240901,20240930,14,100000.00000
1289037956,천하태권도장,22,태권도,41,경기,41480,파주시,경기 파주시 법원읍 법원5리,445-1,41387,,태권도,1,2024,10,20241001,20241031,14,100000.00000
1289083805,일산 태극체육관,22,태권도,41,경기,41280,고양시,경기 고양시 일산서구 대화동 2201~2230,성저동익상가3층,41180,0319150704,태권도,162599,2024,09,20240901,20240930,9,100000.00000
1289252010,일산검도교실,01,검도,41,경기,41280,고양시,경기 고양시 일산서구 주엽2동 1~34,30번지 하나프라자 504호,41183,0319181188,검도,11890,2024,09,20240901,20240930,1,130000.00000
1289252010,일산검도교실,01,검도,41,경기,41280,고양시,경기 고양시 일산서구 주엽2동 1~34,30번지 하나프라자 504호,41183,0319181188,일산검도교실,16456,2024,09,20240901,20240930,0,110000.00000
1289252010,일산검도교실,01,검도,41,경기,41280,고양시,경기 고양시 일산서구 주엽2동 1~34,30번지 하나프라자 504호,41183,0319181188,일산검도교실,1909501,2024,09,20240901,20240930,1,100000.00000
1289252010,일산검도교실,01,검도,41,경기,41280,고양시,경기 고양시 일산서구 주엽2동 1~34,30번지 하나프라자 504호,41183,0319181188,검도수련,38475,2024,09,20240901,20240930,3,150000.00000
1289252010,일산검도교실,01,검도,41,경기,41280,고양시,경기 고양시 일산서구 주엽2동 1~34,30번지 하나프라자 504호,41183,0319181188,검도,11890,2024,10,20241001,20241031,1,130000.00000
1289252010,일산검도교실,01,검도,41,경기,41280,고양시,경기 고양시 일산서구 주엽2동 1~34,30번지 하나프라자 504호,41183,0319181188,일산검도교실,1909501,2024,10,20241001,20241031,2,100000.00000
1289252010,일산검도교실,01,검도,41,경기,41280,고양시,경기 고양시 일산서구 주엽2동 1~34,30번지 하나프라자 504호,41183,0319181188,검도수련,38475,2024,10,20241001,20241031,1,150000.00000
1289382660,명지아성태권도,22,태권도,41,경기,41280,고양시,경기 고양시 덕양구 주교동 551~574,오익상가2층 아성태권도 (주교동),41281,,태권도,2251743,2024,09,20240901,20240930,4,100000.00000
1289382660,명지아성태권도,22,태권도,41,경기,41280,고양시,경기 고양시 덕양구 주교동 551~574,오익상가2층 아성태권도 (주교동),41281,,태권도,2251743,2024,10,20241001,20241031,4,100000.00000
1289382660,명지아성태권도,22,태권도,41,경기,41280,고양시,경기 고양시 덕양구 주교동 551~574,오익상가2층 아성태권도 (주교동),41281,,태권도,2251743,2024,11,20241101,20241130,3,100000.00000
1299169614,신강호태권도,22,태권도,11,서울,11380,은평구,서울 은평구 녹번동 77~91,"82-11 ,   3층",12282,023829498,"태권도,합기도,줄넘기,학교체육",1540467,2024,09,20240901,20240930,4,100000.00000
1299266569,참피온상대태권도체육관,22,태권도,41,경기,41130,성남시,경기 성남시 중원구 상대원3동 562~662,3층 참피온상대체육관,46280,,참피온태권도,11772,2024,09,20240901,20240930,12,100000.00000
1299266569,참피온상대태권도체육관,22,태권도,41,경기,41130,성남시,경기 성남시 중원구 상대원3동 562~662,3층 참피온상대체육관,46280,,참피온태권도,11772,2024,10,20241001,20241031,12,100000.00000
1309066454,즐거운 태권도,22,태권도,41,경기,41190,부천시,경기 부천시 소사구 괴안동 삼익세라믹아파트,"1,2차 상가 2층 203호 즐거운 태권도",42270,0323488111,태권도 교육,166851,2024,09,20240901,20240930,1,100000.00000
1309066454,즐거운 태권도,03,기타종목,41,경기,41190,부천시,경기 부천시 소사구 괴안동 삼익세라믹아파트,"1,2차 상가 2층 203호 즐거운 태권도",42270,0323488111,"태권도, 축구, 배드민턴, 해양, 항공스포츠(드론축구)",166855,2024,10,20241001,20241031,1,100000.00000
1309285135,상일태권도체육관,22,태권도,41,경기,41190,부천시,경기 부천시 원미구 상동 226~316,(상동),42081,,태권도,171202,2024,09,20240901,20240930,6,100000.00000
1309285135,상일태권도체육관,22,태권도,41,경기,41190,부천시,경기 부천시 원미구 상동 226~316,(상동),42081,,태권도,171202,2024,10,20241001,20241031,5,100000.00000
1319006992,동남태권도장,22,태권도,28,인천,28185,연수구,인천 연수구 동춘2동 동남아파트,상가 304호,40675,0328166404,태권도,5902,2024,10,20241001,20241031,0,100000.00000
1319010045,바르체용인대체육관,22,태권도,28,인천,28185,연수구,인천 연수구 옥련동 삼성아파트,단지내상가3층,40671,0328326505,태권도,3147,2024,09,20240901,20240930,1,100000.00000
1319010045,바르체용인대체육관,22,태권도,28,인천,28185,연수구,인천 연수구 옥련동 삼성아파트,단지내상가3층,40671,0328326505,태권도,165992,2024,10,20241001,20241031,0,95000.00000
1319010045,바르체용인대체육관,22,태권도,28,인천,28185,연수구,인천 연수구 옥련동 삼성아파트,단지내상가3층,40671,0328326505,태권도,3147,2024,10,20241001,20241031,1,100000.00000
1319010045,바르체용인대체육관,22,태권도,28,인천,28185,연수구,인천 연수구 옥련동 삼성아파트,단지내상가3층,40671,0328326505,태권도,362476,2024,10,20241001,20241031,0,95000.00000
1329085933,태권도장,22,태권도,41,경기,41310,구리시,경기 구리시 교문2동 동방아파트,상가2층 용인대백호체육관,47170,0315685712,태권도지도,530,2024,09,20240901,20240930,23,100000.00000
1329143702,용인대 태권도 아카데미,22,태권도,41,경기,41820,가평군,경기 가평군 가평읍 읍내4리,584-7,47780,0315815577,바른체형교정,2364545,2024,09,20240901,20240930,1,100000.00000
1329212337,하늘태권스쿨,22,태권도,41,경기,41310,구리시,경기도 구리시 경춘로276번길 22,구리시 수택동 535-34호 2층(수택동),11930,0315696044,태권도,2283968,2024,09,20240901,20240930,4,100000.00000
1339504108,탑용인대박사태권도장,22,태권도,11,서울,11545,금천구,서울 금천구 독산1동 한신아파트,3층 TOP용인대박사태권도장 (독산동，한신아파트),15375,028981551,TOP용인대박사태권도장,2282612,2024,09,20240901,20240930,11,100000.00000
1339504108,탑용인대박사태권도장,22,태권도,11,서울,11545,금천구,서울 금천구 독산1동 한신아파트,3층 TOP용인대박사태권도장 (독산동，한신아파트),15375,028981551,TOP용인대박사태권도장,2282612,2024,10,20241001,20241031,11,100000.00000
1379118528,엘리트태권도체육관,22,태권도,41,경기,41570,김포시,경기 김포시 사우동 261~915,880 시그마프라자2층,41580,,엘리트태권도,2255546,2024,09,20240901,20240930,0,100000.00000
1389025248,승우체육관,22,태권도,41,경기,41170,안양시,경기 안양시 동안구 관양2동 1505~1509,1507-14 2층,43181,0314250425,태권도수강,2248606,2024,09,20240901,20240930,2,100000.00000
1409039406,고려튼튼태권도,22,태권도,28,인천,28260,서구,인천 서구 가좌2동 30~60,42-2 모건베스트원 5층 고려튼튼태권도,40480,0325757063,태권도,174396,2024,09,20240901,20240930,3,100000.00000
1409039406,고려튼튼태권도,22,태권도,28,인천,28260,서구,인천 서구 가좌2동 30~60,42-2 모건베스트원 5층 고려튼튼태권도,40480,0325757063,태권도,2360548,2024,09,20240901,20240930,0,160000.00000
1409039406,고려튼튼태권도,22,태권도,28,인천,28260,서구,인천 서구 가좌2동 30~60,42-2 모건베스트원 5층 고려튼튼태권도,40480,0325757063,태권도,3082523,2024,09,20240901,20240930,2,150000.00000
1409108569,한양대매화태권도,22,태권도,41,경기,41390,시흥시,경기 시흥시 매화동 290~465,338-3,42981,0313179887,한양대매화태권도,2189526,2024,09,20240901,20240930,19,100000.00000
1409108569,한양대매화태권도,22,태권도,41,경기,41390,시흥시,경기 시흥시 매화동 290~465,338-3,42981,0313179887,한양대매화태권도,2189526,2024,10,20241001,20241031,20,100000.00000
1409108569,한양대매화태권도,22,태권도,41,경기,41390,시흥시,경기 시흥시 매화동 290~465,338-3,42981,0313179887,한양대매화태권도,2189526,2024,11,20241101,20241130,22,100000.00000
1410476930,운정 합기도 검무관,75,합기도,41,경기,41480,파주시,경기 파주시 교하읍 운정동 (운정 이마트 근처),운정동 ng2블럭 대흥프라자2 4층,41375,0319548885,합기도 (호신술),3465,2024,09,20240901,20240930,7,100000.00000
1410476930,운정 합기도 검무관,75,합기도,41,경기,41480,파주시,경기 파주시 교하읍 운정동 (운정 이마트 근처),운정동 ng2블럭 대흥프라자2 4층,41375,0319548885,합기도 (호신술),3465,2024,10,20241001,20241031,7,100000.00000
1419029594,신성태권도,22,태권도,41,경기,41480,파주시,경기 파주시 검산동 성원아파트,,41305,0319440357,신성태권도,2253866,2024,09,20240901,20240930,2,100000.00000
1419029594,신성태권도,22,태권도,41,경기,41480,파주시,경기 파주시 검산동 성원아파트,,41305,0319440357,신성태권도,2253866,2024,10,20241001,20241031,2,100000.00000
1419029594,신성태권도,22,태권도,41,경기,41480,파주시,경기 파주시 검산동 성원아파트,,41305,0319440357,신성태권도,2253866,2024,11,20241101,20241130,2,100000.00000
1429014212,창대태권도장,22,태권도,41,경기,41460,용인시,경기 용인시 처인구 삼가동 진우아파트,상가 2층 경희대석사 창대태권도,44971,0313353536,태권도,2344639,2024,09,20240901,20240930,0,150000.00000
1429014212,창대태권도장,22,태권도,41,경기,41460,용인시,경기 용인시 처인구 삼가동 진우아파트,상가 2층 경희대석사 창대태권도,44971,0313353536,태권도,2344639,2024,10,20241001,20241031,0,150000.00000
1449017006,야탑검도관,01,검도,41,경기,41130,성남시,경기 성남시 분당구 야탑동 155~186,174-4 금영빌딩3층 야탑검도관,46381,0317082999,야탑검도관,467,2024,10,20241001,20241031,1,150000.00000
1719000206,신월중앙태권도,22,태권도,48,경남,48120,창원시,경상남도 창원시 의창구 동산로185번길 29,신월중앙태권도(신월동),51441,,신월중앙태권도,2315595,2024,09,20240901,20240930,9,100000.00000
1719000206,신월중앙태권도,22,태권도,48,경남,48120,창원시,경상남도 창원시 의창구 동산로185번길 29,신월중앙태권도(신월동),51441,,신월중앙태권도,2315595,2024,10,20241001,20241031,6,100000.00000
1719000206,신월중앙태권도,22,태권도,48,경남,48120,창원시,경상남도 창원시 의창구 동산로185번길 29,신월중앙태권도(신월동),51441,,신월중앙태권도,2315595,2024,11,20241101,20241130,6,100000.00000
2049143986,동아태권도전문체육관,22,태권도,11,서울,11230,동대문구,서울 동대문구 청량리동 520-46호 2층,,13001,,동아태권도체육관,11722,2024,09,20240901,20240930,17,100000.00000
2049143986,동아태권도전문체육관,22,태권도,11,서울,11230,동대문구,서울 동대문구 청량리동 520-46호 2층,,13001,,동아태권도체육관,11722,2024,10,20241001,20241031,15,100000.00000
2049312342,최강체육관,22,태권도,11,서울,11260,중랑구,서울 중랑구 신내1동 중앙하이츠아파트,상가 202호,13178,024333694,태권도,10887,2024,09,20240901,20240930,0,100000.00000
2049312342,최강체육관,22,태권도,11,서울,11260,중랑구,서울 중랑구 신내1동 중앙하이츠아파트,상가 202호,13178,024333694,태권도,10887,2024,10,20241001,20241031,5,100000.00000
2049331238,권일태권도아카데미,22,태권도,11,서울,11260,중랑구,서울 중랑구 신내2동 신내9단지신내아파트 901-912,657번지,13178,0234221179,권일태권도,9448,2024,11,20241101,20241130,3,100000.00000
2051282901,챌린지짐,03,기타종목,27,대구,27170,서구,대구광역시 서구 서대구로 24,2층 챌린지짐(내당동),41865,0535669488,"주짓수, 킥복싱",2300552,2024,09,20240901,20240930,5,100000.00000
2051282901,챌린지짐,03,기타종목,27,대구,27170,서구,대구광역시 서구 서대구로 24,2층 챌린지짐(내당동),41865,0535669488,"주짓수, 킥복싱",2300552,2024,10,20241001,20241031,6,100000.00000
2051282901,챌린지짐,03,기타종목,27,대구,27170,서구,대구광역시 서구 서대구로 24,2층 챌린지짐(내당동),41865,0535669488,"주짓수, 킥복싱",2300552,2024,11,20241101,20241130,4,100000.00000
2101973214,정무체육관,03,기타종목,11,서울,11305,강북구,서울 강북구 미아4동 35~57,49-29,14280,029892379,킥복싱,282568,2024,09,20240901,20240930,5,100000.00000
2101973214,정무체육관,03,기타종목,11,서울,11305,강북구,서울 강북구 미아4동 35~57,49-29,14280,029892379,킥복싱,282568,2024,11,20241101,20241130,5,100000.00000
2109134764,연세미션태권도장,22,태권도,11,서울,11350,노원구,서울 노원구 섬밭로296. 403호 (하계동) 시영6단지 장미아파트 유치원상가,,13923,029743369,태권도,2282615,2024,11,20241101,20241130,0,150000.00000
2109160904,경찰태권도,22,태권도,11,서울,11305,강북구,서울특별시 강북구 오현로 72,258-112(미아동),14280,029884112,태권도수련,14627,2024,09,20240901,20240930,10,100000.00000
2109160904,경찰태권도,22,태권도,11,서울,11305,강북구,서울특별시 강북구 오현로 72,258-112(미아동),14280,029884112,태권도수련,14627,2024,10,20241001,20241031,1,100000.00000
2109165272,백운태권도,22,태권도,11,서울,11305,강북구,서울 강북구 수유1동 460~474,468-36,14288,029817406,태권도,2350540,2024,09,20240901,20240930,4,100000.00000
2109165272,백운태권도,22,태권도,11,서울,11305,강북구,서울 강북구 수유1동 460~474,468-36,14288,029817406,태권도,2350540,2024,10,20241001,20241031,3,100000.00000
2129120271,한양대천동체육관,22,태권도,11,서울,11740,강동구,서울 강동구 천호동 121-91호,1층,13402,,태권도,1,2024,09,20240901,20240930,2,100000.00000
2219083365,케이지알태권도장,22,태권도,51,강원,51110,춘천시,강원 춘천시 석사동 684~827,석사동704번지2층,20093,0332644800,태권도,2308523,2024,09,20240901,20240930,2,100000.00000
2219083365,케이지알태권도장,22,태권도,51,강원,51110,춘천시,강원 춘천시 석사동 684~827,석사동704번지2층,20093,0332644800,태권도,9143,2024,09,20240901,20240930,4,100000.00000
2219083365,케이지알태권도장,22,태권도,51,강원,51110,춘천시,강원 춘천시 석사동 684~827,석사동704번지2층,20093,0332644800,태권도,2308523,2024,10,20241001,20241031,2,100000.00000
2219083365,케이지알태권도장,22,태권도,51,강원,51110,춘천시,강원 춘천시 석사동 684~827,석사동704번지2층,20093,0332644800,태권도,9143,2024,10,20241001,20241031,4,100000.00000
2249109094,한국태권도,22,태권도,51,강원,51130,원주시,강원 원주시 봉산동 삼익아파트,68  상가2층 206호,22078,0337466379,태권도수업,2316620,2024,09,20240901,20240930,6,100000.00000
2249109094,한국태권도,22,태권도,51,강원,51130,원주시,강원 원주시 봉산동 삼익아파트,68  상가2층 206호,22078,0337466379,태권도수업,2316620,2024,10,20241001,20241031,6,100000.00000
2259017116,보성체육관,22,태권도,51,강원,51770,정선군,강원 정선군 사북읍 사북리 선명상가3층,,23390,,태권도,1091460,2024,09,20240901,20240930,6,100000.00000
2259017116,보성체육관,22,태권도,51,강원,51770,정선군,강원 정선군 사북읍 사북리 선명상가3층,,23390,,태권도,1091460,2024,10,20241001,20241031,6,100000.00000
3019142352,혜성태권도,22,태권도,43,충북,43110,청주시,충북 청주시 상당구 율량동 1201~1500,1300번지  혜성태권도,36082,0432111353,태권도,38038,2024,09,20240901,20240930,13,100000.00000
3019142352,혜성태권도,22,태권도,43,충북,43110,청주시,충북 청주시 상당구 율량동 1201~1500,1300번지  혜성태권도,36082,0432111353,태권도,38038,2024,10,20241001,20241031,12,100000.00000
3129126949,용인대 학사 태권도장,22,태권도,44,충남,44200,아산시,충남 아산시 장존동 청솔아파트,청솔 아파트 단지내 상가4층 [용인대 학사 태권도장],33678,0415346760,태권도,13212,2024,09,20240901,20240930,10,100000.00000
3129155027,용화태권도,22,태권도,44,충남,44200,아산시,충남 아산시 용화동 온천마을,584 온천마을아파트 상가내203호,33650,,태권도,2339553,2024,09,20240901,20240930,21,100000.00000
3129155027,용화태권도,22,태권도,44,충남,44200,아산시,충남 아산시 용화동 온천마을,584 온천마을아파트 상가내203호,33650,,태권도,2339553,2024,10,20241001,20241031,16,100000.00000
3129170111,합기도아산연무관,75,합기도,44,충남,44200,아산시,충남 아산시 좌구동,초원아파트3차상가 3층,33604,0415333307,합기도,1194460,2024,10,20241001,20241031,5,100000.00000
3129170111,합기도아산연무관,75,합기도,44,충남,44200,아산시,충남 아산시 좌구동,초원아파트3차상가 3층,33604,0415333307,합기도,1194460,2024,11,20241101,20241130,5,100000.00000
3139026339,크로바체육관,22,태권도,44,충남,44770,서천군,충남 서천군 서천읍 군사1리,860-4,32580,,태권도,1506525,2024,09,20240901,20240930,2,100000.00000
3139026339,크로바체육관,22,태권도,44,충남,44770,서천군,충남 서천군 서천읍 군사1리,860-4,32580,,태권도,1506525,2024,10,20241001,20241031,2,100000.00000
3148207247,한밭수영장,12,수영,30,대전,30140,중구,대전 중구 부사동 1~219,한밭수영장,30181,0426104914,수영,2933524,2024,09,20240901,20240930,0,39000.00000
3148207247,한밭수영장,12,수영,30,대전,30140,중구,대전 중구 부사동 1~219,한밭수영장,30181,0426104914,수영,2933524,2024,10,20241001,20241031,1,39000.00000
3149202595,우솔태권도,22,태권도,30,대전,30170,서구,대전 서구 가수원동 계룡아파트상가,643번지,30276,0425442659,우솔태권도,168160,2024,09,20240901,20240930,13,100000.00000
3149202595,우솔태권도,22,태권도,30,대전,30170,서구,대전 서구 가수원동 계룡아파트상가,643번지,30276,0425442659,우솔태권도,168160,2024,10,20241001,20241031,13,100000.00000
3159016803,세계로체육관,22,태권도,43,충북,43110,청주시,충북 청주시 흥덕구 수곡2동 산남주공4단지아파트,상가 세계로태권스쿨,36178,0432840332,세계로태권스쿨,169852,2024,09,20240901,20240930,2,100000.00000
3159016803,세계로체육관,22,태권도,43,충북,43110,청주시,충북 청주시 흥덕구 수곡2동 산남주공4단지아파트,상가 세계로태권스쿨,36178,0432840332,태권도수강,20246,2024,09,20240901,20240930,4,100000.00000
3159016803,세계로체육관,22,태권도,43,충북,43110,청주시,충북 청주시 흥덕구 수곡2동 산남주공4단지아파트,상가 세계로태권스쿨,36178,0432840332,태권도수강,39707,2024,09,20240901,20240930,1,100000.00000
3159016803,세계로체육관,22,태권도,43,충북,43110,청주시,충북 청주시 흥덕구 수곡2동 산남주공4단지아파트,상가 세계로태권스쿨,36178,0432840332,세계로 태권스쿨,19792,2024,10,20241001,20241031,2,100000.00000
3159016803,세계로체육관,22,태권도,43,충북,43110,청주시,충북 청주시 흥덕구 수곡2동 산남주공4단지아파트,상가 세계로태권스쿨,36178,0432840332,태권도수강,20246,2024,10,20241001,20241031,1,100000.00000
3159016803,세계로체육관,22,태권도,43,충북,43110,청주시,충북 청주시 흥덕구 수곡2동 산남주공4단지아파트,상가 세계로태권스쿨,36178,0432840332,태권도수강,39707,2024,10,20241001,20241031,4,100000.00000
3159016803,세계로체육관,22,태권도,43,충북,43110,청주시,충북 청주시 흥덕구 수곡2동 산남주공4단지아파트,상가 세계로태권스쿨,36178,0432840332,태권도수강,39707,2024,11,20241101,20241130,0,100000.00000
3160227742,해동검도,01,검도,44,충남,44210,서산시,충남 서산시 동문동 1~249,193-6 명성빌딩 3층,35680,0416677890,해동검도,167424,2024,09,20240901,20240930,9,100000.00000
3160227742,해동검도,01,검도,44,충남,44210,서산시,충남 서산시 동문동 1~249,193-6 명성빌딩 3층,35680,0416677890,해동검도,167424,2024,10,20241001,20241031,10,100000.00000
3169054358,꿈나무태권도장,22,태권도,44,충남,44210,서산시,"충남 서산시 읍내동 대림,동신 아파트",상가 2층 용인대 꿈나무 태권도장,35675,0416698357,용인대꿈나무태권도장,2286554,2024,09,20240901,20240930,25,100000.00000
3179053653,고려강호체육관,22,태권도,43,충북,43110,청주시,충청북도 청주시 상당구 상당로 219-1,(우암동),36081,0432520155,태권도,339512,2024,09,20240901,20240930,3,100000.00000
3179053653,고려강호체육관,22,태권도,43,충북,43110,청주시,충청북도 청주시 상당구 상당로 219-1,(우암동),36081,0432520155,태권도,339513,2024,09,20240901,20240930,0,100000.00000
3179053653,고려강호체육관,22,태권도,43,충북,43110,청주시,충청북도 청주시 상당구 상당로 219-1,(우암동),36081,0432520155,태권도,339514,2024,09,20240901,20240930,2,100000.00000
3179053653,고려강호체육관,22,태권도,43,충북,43110,청주시,충청북도 청주시 상당구 상당로 219-1,(우암동),36081,0432520155,태권도,339515,2024,09,20240901,20240930,1,100000.00000
4019096807,최우영 인성태권도장,22,태권도,52,전북,52130,군산시,전북 군산시 소룡동 1000~1400,금강골드빌@상가2층,57388,0634632900,최우영인성태권도장,36369,2024,09,20240901,20240930,7,100000.00000
4019096807,최우영 인성태권도장,22,태권도,52,전북,52130,군산시,전북 군산시 소룡동 1000~1400,금강골드빌@상가2층,57388,0634632900,태권도 이론및실기,8657,2024,09,20240901,20240930,2,100000.00000
4029094909,장계부부태권도교육관,22,태권도,52,전북,52740,장수군,전북 장수군 장계면 장계리 중동,306-5,59784,,1부,2281539,2024,09,20240901,20240930,5,100000.00000
4029094909,장계부부태권도교육관,22,태권도,52,전북,52740,장수군,전북 장수군 장계면 장계리 중동,306-5,59784,,2부,2281540,2024,09,20240901,20240930,4,100000.00000
4029094909,장계부부태권도교육관,22,태권도,52,전북,52740,장수군,전북 장수군 장계면 장계리 중동,306-5,59784,,3부,2281542,2024,09,20240901,20240930,4,100000.00000
4029094909,장계부부태권도교육관,22,태권도,52,전북,52740,장수군,전북 장수군 장계면 장계리 중동,306-5,59784,,4부,2281543,2024,09,20240901,20240930,20,100000.00000
4029094909,장계부부태권도교육관,22,태권도,52,전북,52740,장수군,전북 장수군 장계면 장계리 중동,306-5,59784,,1부,2281539,2024,10,20241001,20241031,5,100000.00000
4029094909,장계부부태권도교육관,22,태권도,52,전북,52740,장수군,전북 장수군 장계면 장계리 중동,306-5,59784,,2부,2281540,2024,10,20241001,20241031,3,100000.00000
4029094909,장계부부태권도교육관,22,태권도,52,전북,52740,장수군,전북 장수군 장계면 장계리 중동,306-5,59784,,3부,2281542,2024,10,20241001,20241031,8,100000.00000
4029094909,장계부부태권도교육관,22,태권도,52,전북,52740,장수군,전북 장수군 장계면 장계리 중동,306-5,59784,,4부,2281543,2024,10,20241001,20241031,18,100000.00000
4029119402,한국부부태권도,22,태권도,52,전북,52110,전주시,전북 전주시 덕진구 반월동 남양아파트,상가 2층,56175,0632118999,태권도,169773,2024,09,20240901,20240930,5,100000.00000
4029119402,한국부부태권도,22,태권도,52,전북,52110,전주시,전북 전주시 덕진구 반월동 남양아파트,상가 2층,56175,0632118999,태권도,169775,2024,09,20240901,20240930,3,100000.00000
4029119402,한국부부태권도,22,태권도,52,전북,52110,전주시,전북 전주시 덕진구 반월동 남양아파트,상가 2층,56175,0632118999,태권도,169776,2024,09,20240901,20240930,2,100000.00000
4029119402,한국부부태권도,22,태권도,52,전북,52110,전주시,전북 전주시 덕진구 반월동 남양아파트,상가 2층,56175,0632118999,태권도,169777,2024,09,20240901,20240930,5,100000.00000
4029119402,한국부부태권도,22,태권도,52,전북,52110,전주시,전북 전주시 덕진구 반월동 남양아파트,상가 2층,56175,0632118999,태권도,169778,2024,09,20240901,20240930,2,100000.00000
4029119402,한국부부태권도,22,태권도,52,전북,52110,전주시,전북 전주시 덕진구 반월동 남양아파트,상가 2층,56175,0632118999,태권도,169773,2024,10,20241001,20241031,5,100000.00000
4029119402,한국부부태권도,22,태권도,52,전북,52110,전주시,전북 전주시 덕진구 반월동 남양아파트,상가 2층,56175,0632118999,태권도,169775,2024,10,20241001,20241031,3,100000.00000
4029119402,한국부부태권도,22,태권도,52,전북,52110,전주시,전북 전주시 덕진구 반월동 남양아파트,상가 2층,56175,0632118999,태권도,169776,2024,10,20241001,20241031,1,100000.00000
4029119402,한국부부태권도,22,태권도,52,전북,52110,전주시,전북 전주시 덕진구 반월동 남양아파트,상가 2층,56175,0632118999,태권도,169777,2024,10,20241001,20241031,6,100000.00000
4029119402,한국부부태권도,22,태권도,52,전북,52110,전주시,전북 전주시 덕진구 반월동 남양아파트,상가 2층,56175,0632118999,태권도,169778,2024,10,20241001,20241031,2,100000.00000
4029119402,한국부부태권도,22,태권도,52,전북,52110,전주시,전북 전주시 덕진구 반월동 남양아파트,상가 2층,56175,0632118999,태권도,169777,2024,11,20241101,20241130,6,100000.00000
4029119402,한국부부태권도,22,태권도,52,전북,52110,전주시,전북 전주시 덕진구 반월동 남양아파트,상가 2층,56175,0632118999,태권도,169778,2024,11,20241101,20241130,2,100000.00000
4029138127,서신태권도체육관,22,태권도,52,전북,52110,전주시,전북 전주시 완산구 서신동 전룡로 111,,56081,,태권도,2316579,2024,09,20240901,20240930,8,100000.00000
4029138127,서신태권도체육관,22,태권도,52,전북,52110,전주시,전북 전주시 완산구 서신동 전룡로 111,,56081,,태권도,2316579,2024,10,20241001,20241031,8,100000.00000
4029153055,용인대지곡태권도스쿨,22,태권도,52,전북,52110,전주시,전북 전주시 완산구 평화동2가 877~917,301호 (평화동2가),56087,,용인대지곡태권도,742481,2024,09,20240901,20240930,7,100000.00000
4029153055,용인대지곡태권도스쿨,22,태권도,52,전북,52110,전주시,전북 전주시 완산구 평화동2가 877~917,301호 (평화동2가),56087,,용인대지곡태권도,742481,2024,10,20241001,20241031,7,100000.00000
4039038012,인성체육관,22,태권도,52,전북,52140,익산시,전북 익산시 영등동 1~528,267-17 2층,57097,0638567805,태권도,165851,2024,09,20240901,20240930,14,100000.00000
4039038012,인성체육관,22,태권도,52,전북,52140,익산시,전북 익산시 영등동 1~528,267-17 2층,57097,0638567805,태권도 줄넘기,2250825,2024,09,20240901,20240930,0,100000.00000
4039038012,인성체육관,22,태권도,52,전북,52140,익산시,전북 익산시 영등동 1~528,267-17 2층,57097,0638567805,태권도 음악줄넘기 인성교육,8682,2024,09,20240901,20240930,0,100000.00000
4039038012,인성체육관,22,태권도,52,전북,52140,익산시,전북 익산시 영등동 1~528,267-17 2층,57097,0638567805,태권도,165851,2024,10,20241001,20241031,13,100000.00000
4039038012,인성체육관,22,태권도,52,전북,52140,익산시,전북 익산시 영등동 1~528,267-17 2층,57097,0638567805,태권도 줄넘기,2250825,2024,10,20241001,20241031,0,100000.00000
4039038012,인성체육관,22,태권도,52,전북,52140,익산시,전북 익산시 영등동 1~528,267-17 2층,57097,0638567805,태권도 음악줄넘기 인성교육,8682,2024,10,20241001,20241031,0,100000.00000
4039507246,용인대 골드 태권도장,22,태권도,52,전북,52140,익산시,전북 익산시 팔봉동 파인골드빌아파트,상가2층,57074,0638322662,즐거운 태권도(몸과 마음이 즐거운 교육),9953,2024,09,20240901,20240930,3,100000.00000
4039507246,용인대 골드 태권도장,22,태권도,52,전북,52140,익산시,전북 익산시 팔봉동 파인골드빌아파트,상가2층,57074,0638322662,초등부 하이클래스  상위1% 교육,9954,2024,09,20240901,20240930,0,100000.00000
4039507246,용인대 골드 태권도장,22,태권도,52,전북,52140,익산시,전북 익산시 팔봉동 파인골드빌아파트,상가2층,57074,0638322662,자존감up 태권도(성장 점프),9957,2024,09,20240901,20240930,1,100000.00000
4039507246,용인대 골드 태권도장,22,태권도,52,전북,52140,익산시,전북 익산시 팔봉동 파인골드빌아파트,상가2층,57074,0638322662,시범단 및 선수부 주말수련,597,2024,10,20241001,20241031,0,100000.00000
4039507246,용인대 골드 태권도장,22,태권도,52,전북,52140,익산시,전북 익산시 팔봉동 파인골드빌아파트,상가2층,57074,0638322662,행복한 태권도(태권도로 행복을 느낍니다.),9015,2024,10,20241001,20241031,3,100000.00000
4039507246,용인대 골드 태권도장,22,태권도,52,전북,52140,익산시,전북 익산시 팔봉동 파인골드빌아파트,상가2층,57074,0638322662,자신감up  태권도(성장 체조),9951,2024,10,20241001,20241031,0,100000.00000
4039507246,용인대 골드 태권도장,22,태권도,52,전북,52140,익산시,전북 익산시 팔봉동 파인골드빌아파트,상가2층,57074,0638322662,즐거운 태권도(몸과 마음이 즐거운 교육),9953,2024,10,20241001,20241031,3,100000.00000
4039507246,용인대 골드 태권도장,22,태권도,52,전북,52140,익산시,전북 익산시 팔봉동 파인골드빌아파트,상가2층,57074,0638322662,초등부 하이클래스  상위1% 교육,9954,2024,10,20241001,20241031,0,100000.00000
4039507246,용인대 골드 태권도장,22,태권도,52,전북,52140,익산시,전북 익산시 팔봉동 파인골드빌아파트,상가2층,57074,0638322662,자존감up 태권도(성장 점프),9957,2024,10,20241001,20241031,1,100000.00000
4099139807,경연태권도,22,태권도,29,광주,29170,북구,광주 북구 용봉동 851~1148,용봉동 1063-10번지 (용봉동),50084,0625253109,태권도,12906,2024,09,20240901,20240930,1,150000.00000
4099139807,경연태권도,22,태권도,29,광주,29170,북구,광주 북구 용봉동 851~1148,용봉동 1063-10번지 (용봉동),50084,0625253109,태권도,169307,2024,09,20240901,20240930,16,100000.00000
4109184942,태권도효도관,22,태권도,29,광주,29200,광산구,광주 광신구 신가동,1306,50630,0629620770,용인대석사 태권도효도관,1,2024,09,20240901,20240930,2,150000.00000
4109241066,해오름태권도,22,태권도,29,광주,29200,광산구,광주 광산구 운남동 1~510,390번지 2층,50681,0629532067,태권도,2266529,2024,09,20240901,20240930,2,140000.00000
4109243711,일신태권도,22,태권도,29,광주,29140,서구,광주 서구 쌍촌동 일신아파트,(쌍촌동，일신아파트),50275,0623727936,태권도,2317631,2024,09,20240901,20240930,14,100000.00000
4109243711,일신태권도,22,태권도,29,광주,29140,서구,광주 서구 쌍촌동 일신아파트,(쌍촌동，일신아파트),50275,0623727936,태권도,2317631,2024,10,20241001,20241031,13,100000.00000
4110644229,JJ헬스클럽,25,헬스,46,전남,46110,목포시,전남 목포시 상동 887~1013,신흥로 12 (상동),53082,,헬스,162514,2024,09,20240901,20240930,5,95000.00000
4110644229,JJ헬스클럽,25,헬스,46,전남,46110,목포시,전남 목포시 상동 887~1013,신흥로 12 (상동),53082,,헬스,162514,2024,10,20241001,20241031,1,95000.00000
4159066393,세진태권도장,22,태권도,46,전남,46890,완도군,전남 완도군 완도읍 개포리,1272-20,53780,0615526006,태권도,2277527,2024,09,20240901,20240930,8,100000.00000
4159066393,세진태권도장,22,태권도,46,전남,46890,완도군,전남 완도군 완도읍 개포리,1272-20,53780,0615526006,태권도,2277527,2024,10,20241001,20241031,9,100000.00000
4169052441,봉화체육관,22,태권도,46,전남,46150,순천시,전남 순천시 용당동 동아아파트,상가 303호,54076,,태권도,167609,2024,09,20240901,20240930,0,100000.00000
4169052441,봉화체육관,22,태권도,46,전남,46150,순천시,전남 순천시 용당동 동아아파트,상가 303호,54076,,태권도,167609,2024,10,20241001,20241031,8,100000.00000
4169115327,금당챔피온태권스쿨,22,태권도,46,전남,46150,순천시,전남 순천시 조례동 부영5차아파트,상가3층1호,54077,0617215488,태권도수업,2286601,2024,09,20240901,20240930,36,100000.00000
4169115327,금당챔피온태권스쿨,22,태권도,46,전남,46150,순천시,전남 순천시 조례동 부영5차아파트,상가3층1호,54077,0617215488,태권도수업,2286601,2024,10,20241001,20241031,35,100000.00000
4169159854,용인대 태권도장,22,태권도,46,전남,46770,고흥군,전남 고흥군 도양읍 봉암리 3111~4000,3232,54890,0618422256,용인대 태권도장,2344,2024,09,20240901,20240930,14,100000.00000
4169159854,용인대 태권도장,22,태권도,46,전남,46770,고흥군,전남 고흥군 도양읍 봉암리 3111~4000,3232,54890,0618422256,용인대 태권도장,2344,2024,10,20241001,20241031,14,100000.00000
4189039084,용인대미래태권도,22,태권도,52,전북,52110,전주시,전북 전주시 덕진구 인후동 아중제일2차@상가2층,,56123,,용인대미래태권도,168296,2024,09,20240901,20240930,28,100000.00000
4189039084,용인대미래태권도,22,태권도,52,전북,52110,전주시,전북 전주시 덕진구 인후동 아중제일2차@상가2층,,56123,,용인대미래태권도,168296,2024,10,20241001,20241031,28,100000.00000
5012253680,서문사우나헬스,25,헬스,27,대구,27110,중구,대구 중구 대신동 125~182,179-4번지,70081,0535219094,헬스+샤워,3435,2024,09,20240901,20240930,1,100000.00000
5012253680,서문사우나헬스,25,헬스,27,대구,27110,중구,대구 중구 대신동 125~182,179-4번지,70081,0535219094,헬스+샤워,3435,2024,10,20241001,20241031,1,100000.00000
5029258089,일성태권도,22,태권도,27,대구,27260,수성구,대구 수성구 수성동1가 621~640,신세계타운상가 203호,70683,0537661285,태권도,994459,2024,09,20240901,20240930,1,100000.00000
5029258089,일성태권도,22,태권도,27,대구,27260,수성구,대구 수성구 수성동1가 621~640,신세계타운상가 203호,70683,0537661285,태권도,173420,2024,10,20241001,20241031,0,100000.00000
5029258089,일성태권도,22,태권도,27,대구,27260,수성구,대구 수성구 수성동1가 621~640,신세계타운상가 203호,70683,0537661285,태권도,994459,2024,10,20241001,20241031,1,100000.00000
5029258089,일성태권도,22,태권도,27,대구,27260,수성구,대구 수성구 수성동1가 621~640,신세계타운상가 203호,70683,0537661285,태권도,994459,2024,11,20241101,20241130,1,100000.00000
5029271909,국가대표부성태권도,22,태권도,27,대구,27260,수성구,대구광역시 수성구 범어로 82-2,(범어동),70682,0537545609,태권도,168616,2024,09,20240901,20240930,1,100000.00000
5029271909,국가대표부성태권도,22,태권도,27,대구,27260,수성구,대구광역시 수성구 범어로 82-2,(범어동),70682,0537545609,태권도,673457,2024,09,20240901,20240930,5,100000.00000
5029271909,국가대표부성태권도,22,태권도,27,대구,27260,수성구,대구광역시 수성구 범어로 82-2,(범어동),70682,0537545609,태권도,674461,2024,09,20240901,20240930,2,100000.00000
5029271909,국가대표부성태권도,22,태권도,27,대구,27260,수성구,대구광역시 수성구 범어로 82-2,(범어동),70682,0537545609,태권도,675457,2024,09,20240901,20240930,2,100000.00000
5029271909,국가대표부성태권도,22,태권도,27,대구,27260,수성구,대구광역시 수성구 범어로 82-2,(범어동),70682,0537545609,태권도,676457,2024,09,20240901,20240930,2,100000.00000
5029271909,국가대표부성태권도,22,태권도,27,대구,27260,수성구,대구광역시 수성구 범어로 82-2,(범어동),70682,0537545609,태권도,673457,2024,10,20241001,20241031,5,100000.00000
5029271909,국가대표부성태권도,22,태권도,27,대구,27260,수성구,대구광역시 수성구 범어로 82-2,(범어동),70682,0537545609,태권도,674461,2024,10,20241001,20241031,2,100000.00000
5029271909,국가대표부성태권도,22,태권도,27,대구,27260,수성구,대구광역시 수성구 범어로 82-2,(범어동),70682,0537545609,태권도,675457,2024,10,20241001,20241031,0,100000.00000
5029271909,국가대표부성태권도,22,태권도,27,대구,27260,수성구,대구광역시 수성구 범어로 82-2,(범어동),70682,0537545609,태권도,676457,2024,10,20241001,20241031,2,100000.00000
5032445050,대덕합기도,75,합기도,27,대구,27170,서구,대구 서구 평리4동 1200~1223,1216-1번지,70384,,합기도/킥복싱/음악줄넘기,11371,2024,09,20240901,20240930,0,100000.00000
5032445050,대덕합기도,75,합기도,27,대구,27170,서구,대구 서구 평리4동 1200~1223,1216-1번지,70384,,합기도/킥복싱,173102,2024,09,20240901,20240930,7,100000.00000
5032445050,대덕합기도,75,합기도,27,대구,27170,서구,대구 서구 평리4동 1200~1223,1216-1번지,70384,,합기도/킥복싱,2848,2024,09,20240901,20240930,2,100000.00000
5032445050,대덕합기도,75,합기도,27,대구,27170,서구,대구 서구 평리4동 1200~1223,1216-1번지,70384,,합기도/킥복싱/음악줄넘기,11371,2024,10,20241001,20241031,0,100000.00000
5032445050,대덕합기도,75,합기도,27,대구,27170,서구,대구 서구 평리4동 1200~1223,1216-1번지,70384,,합기도/킥복싱,173102,2024,10,20241001,20241031,8,100000.00000
5032445050,대덕합기도,75,합기도,27,대구,27170,서구,대구 서구 평리4동 1200~1223,1216-1번지,70384,,합기도/킥복싱,2848,2024,10,20241001,20241031,2,100000.00000
5032445050,대덕합기도,75,합기도,27,대구,27170,서구,대구 서구 평리4동 1200~1223,1216-1번지,70384,,합기도/킥복싱/음악줄넘기,11371,2024,11,20241101,20241130,0,100000.00000
5032445050,대덕합기도,75,합기도,27,대구,27170,서구,대구 서구 평리4동 1200~1223,1216-1번지,70384,,합기도/킥복싱,173102,2024,11,20241101,20241130,3,100000.00000
5032445050,대덕합기도,75,합기도,27,대구,27170,서구,대구 서구 평리4동 1200~1223,1216-1번지,70384,,합기도/킥복싱,2848,2024,11,20241101,20241130,2,100000.00000
5039180933,호키스피드 체육관,22,태권도,27,대구,27290,달서구,대구 달서구 죽전동 217~410,,70416,0535230555,스포츠바우처,1,2024,09,20240901,20240930,55,100000.00000
5039180933,호키스피드 체육관,22,태권도,27,대구,27290,달서구,대구 달서구 죽전동 217~410,,70416,0535230555,스포츠바우처,1,2024,10,20241001,20241031,53,100000.00000
5039188099,용인대성서태권도,22,태권도,27,대구,27290,달서구,대구 달서구 이곡1동 성서2차화성타운,상가 2층 201호 성서 태권도,70473,,태권도&amp;줄넘기,537497,2024,09,20240901,20240930,8,100000.00000
5039188099,용인대성서태권도,22,태권도,27,대구,27290,달서구,대구 달서구 이곡1동 성서2차화성타운,상가 2층 201호 성서 태권도,70473,,태권도&amp;줄넘기,537497,2024,10,20241001,20241031,0,100000.00000
5049153803,정승훈태권도단,22,태권도,27,대구,27230,북구,대구 북구 서변동 1501~1800,1751-14번지 2층,70289,0539557677,태권도,823462,2024,09,20240901,20240930,16,100000.00000
5049153803,정승훈태권도단,22,태권도,27,대구,27230,북구,대구 북구 서변동 1501~1800,1751-14번지 2층,70289,0539557677,태권도,823462,2024,10,20241001,20241031,13,100000.00000
5139052096,형곡체육관,22,태권도,47,경북,47190,구미시,경북 구미시 형곡동 2845-14,,73004,,태권도(100000원),168764,2024,09,20240901,20240930,20,100000.00000
5139052096,형곡체육관,22,태권도,47,경북,47190,구미시,경북 구미시 형곡동 2845-14,,73004,,태권도(100000원),168764,2024,10,20241001,20241031,20,100000.00000
5149134142,계명대효신태권도장,22,태권도,27,대구,27290,달서구,대구 달서구 상인3동 1547~1562,,70481,,태권도강습,1,2024,09,20240901,20240930,4,100000.00000
5149134142,계명대효신태권도장,22,태권도,27,대구,27290,달서구,대구 달서구 상인3동 1547~1562,,70481,,태권도강습,1,2024,10,20241001,20241031,5,100000.00000
5159077069,경산제1  태권도장,22,태권도,47,경북,47290,경산시,경북 경산시 진량읍 부기리 창신무학아파트,상가202호,71273,0538516699,태권도,157,2024,09,20240901,20240930,2,100000.00000
5159077069,경산제1  태권도장,22,태권도,47,경북,47290,경산시,경북 경산시 진량읍 부기리 창신무학아파트,상가202호,71273,0538516699,태권도,35944,2024,09,20240901,20240930,3,100000.00000
5159077069,경산제1  태권도장,22,태권도,47,경북,47290,경산시,경북 경산시 진량읍 부기리 창신무학아파트,상가202호,71273,0538516699,태권도,157,2024,10,20241001,20241031,1,100000.00000
5159077069,경산제1  태권도장,22,태권도,47,경북,47290,경산시,경북 경산시 진량읍 부기리 창신무학아파트,상가202호,71273,0538516699,태권도,35944,2024,10,20241001,20241031,3,100000.00000
5159501924,천마체육관,22,태권도,47,경북,47290,경산시,경남 경산시 압량면 부적리,388-4,71282,0538171082,태권도 수련,14530,2024,09,20240901,20240930,1,100000.00000
5159501924,천마체육관,22,태권도,47,경북,47290,경산시,경남 경산시 압량면 부적리,388-4,71282,0538171082,태권도교실,2,2024,09,20240901,20240930,1,150000.00000
5159501924,천마체육관,22,태권도,47,경북,47290,경산시,경남 경산시 압량면 부적리,388-4,71282,0538171082,태권도 수련,14530,2024,10,20241001,20241031,1,100000.00000
5739100336,비호체육관,22,태권도,41,경기,41500,이천시,경기도 이천시 부발읍 황무로2065번길 72-23,72-34,17405,0316357776,태권도,1571480,2024,09,20240901,20240930,2,100000.00000
5739100336,비호체육관,22,태권도,41,경기,41500,이천시,경기도 이천시 부발읍 황무로2065번길 72-23,72-34,17405,0316357776,태권도,1571480,2024,10,20241001,20241031,2,100000.00000
6029068165,영도동아태권도,22,태권도,26,부산,26200,영도구,부산 영도구 청학1동 423~431,(청학동),60682,0514160160,태권도,2321645,2024,09,20240901,20240930,1,100000.00000
6039095122,백룡태권도,22,태권도,26,부산,26380,사하구,부산 사하구 괴정4동 550~553,,60481,0512922555,백룡태권도,1827458,2024,09,20240901,20240930,8,100000.00000
6039095122,백룡태권도,22,태권도,26,부산,26380,사하구,부산 사하구 괴정4동 550~553,,60481,0512922555,백룡태권도,2285532,2024,09,20240901,20240930,4,140000.00000
6039095122,백룡태권도,22,태권도,26,부산,26380,사하구,부산 사하구 괴정4동 550~553,,60481,0512922555,백룡태권도,627461,2024,09,20240901,20240930,1,140000.00000
6059591296,경호태권도스쿨,22,태권도,26,부산,26230,부산진구,부산 부산진구 당감1동 887~891,(당감동),61481,0518975847,태권도,2343701,2024,09,20240901,20240930,4,100000.00000
6059591296,경호태권도스쿨,22,태권도,26,부산,26230,부산진구,부산 부산진구 당감1동 887~891,(당감동),61481,0518975847,태권도,2343701,2024,10,20241001,20241031,4,100000.00000
6059591296,경호태권도스쿨,22,태권도,26,부산,26230,부산진구,부산 부산진구 당감1동 887~891,(당감동),61481,0518975847,태권도,2343701,2024,11,20241101,20241130,1,100000.00000
6059622608,더 위너스 태권도장,22,태권도,52,전북,52110,전주시,전라북도 전주시 덕진구 덕용4길 9-6,2층 더 위너스태권도장(동산동),54848,,더위너스태권도,1368457,2024,10,20241001,20241031,5,100000.00000
6069129477,정무태권도,22,태권도,26,부산,26530,사상구,부산 사상구 괘법동 동원아파트,상가4층 정무 체육관,61775,0513253280,정무태권도,2339630,2024,09,20240901,20240930,11,150000.00000
6069129477,정무태권도,22,태권도,26,부산,26530,사상구,부산 사상구 괘법동 동원아파트,상가4층 정무 체육관,61775,0513253280,정무태권도,2339630,2024,10,20241001,20241031,11,150000.00000
6079147366,대한체육관,22,태권도,26,부산,26260,동래구,부산 동래구 온천3동 쇠미로 132,2층,60784,,태권도,171442,2024,09,20240901,20240930,10,100000.00000
6079147366,대한체육관,22,태권도,26,부산,26260,동래구,부산 동래구 온천3동 쇠미로 132,2층,60784,,태권도,359457,2024,09,20240901,20240930,15,100000.00000
6079147366,대한체육관,22,태권도,26,부산,26260,동래구,부산 동래구 온천3동 쇠미로 132,2층,60784,,태권도,171442,2024,10,20241001,20241031,6,100000.00000
6089054655,조완수무예스쿨,22,태권도,48,경남,48730,함안군,경남 함안군 가야읍 말산리 446~636,454-6번지 2층 조완수무예스쿨,63780,,태권도,15476,2024,09,20240901,20240930,5,100000.00000
6089054655,조완수무예스쿨,22,태권도,48,경남,48730,함안군,경남 함안군 가야읍 말산리 446~636,454-6번지 2층 조완수무예스쿨,63780,,조완수,16010,2024,09,20240901,20240930,2,130000.00000
6089054655,조완수무예스쿨,22,태권도,48,경남,48730,함안군,경남 함안군 가야읍 말산리 446~636,454-6번지 2층 조완수무예스쿨,63780,,태권도,15476,2024,10,20241001,20241031,5,100000.00000
6089054655,조완수무예스쿨,22,태권도,48,경남,48730,함안군,경남 함안군 가야읍 말산리 446~636,454-6번지 2층 조완수무예스쿨,63780,,조완수,16010,2024,10,20241001,20241031,2,130000.00000
6089080018,마산고려도장,22,태권도,48,경남,48120,창원시,경남 창원시 마산구 상남동,서광아파트상가 3층,63105,0552429152,태권도,2339709,2024,09,20240901,20240930,9,100000.00000
6089080018,마산고려도장,22,태권도,48,경남,48120,창원시,경남 창원시 마산구 상남동,서광아파트상가 3층,63105,0552429152,태권도,2339709,2024,10,20241001,20241031,9,100000.00000
6089091306,황제도장,22,태권도,48,경남,48730,함안군,경남 함안군 칠서면 무릉리 에이스아파트,"에이스상가 307,8호",63770,0555877123,"품새, 겨루기",2347544,2024,09,20240901,20240930,4,100000.00000
6089160187,백로체육관,22,태권도,48,경남,48120,창원시,경남 창원시 마산구 내서읍 중리,백로상가405호,63085,0552322077,태권도 이론과 실기,169921,2024,09,20240901,20240930,3,100000.00000
6089160187,백로체육관,22,태권도,48,경남,48120,창원시,경남 창원시 마산구 내서읍 중리,백로상가405호,63085,0552322077,태권도 이론과 실기,169923,2024,09,20240901,20240930,4,100000.00000
6089160187,백로체육관,22,태권도,48,경남,48120,창원시,경남 창원시 마산구 내서읍 중리,백로상가405호,63085,0552322077,태권도 이론과 실기,169941,2024,09,20240901,20240930,4,100000.00000
6089160187,백로체육관,22,태권도,48,경남,48120,창원시,경남 창원시 마산구 내서읍 중리,백로상가405호,63085,0552322077,태권도 이론과 실기,979457,2024,09,20240901,20240930,1,100000.00000
6089160187,백로체육관,22,태권도,48,경남,48120,창원시,경남 창원시 마산구 내서읍 중리,백로상가405호,63085,0552322077,태권도 이론과 실기,980459,2024,09,20240901,20240930,2,100000.00000
6089160187,백로체육관,22,태권도,48,경남,48120,창원시,경남 창원시 마산구 내서읍 중리,백로상가405호,63085,0552322077,태권도 이론과 실기,169921,2024,10,20241001,20241031,3,100000.00000
6089160187,백로체육관,22,태권도,48,경남,48120,창원시,경남 창원시 마산구 내서읍 중리,백로상가405호,63085,0552322077,태권도 이론과 실기,169923,2024,10,20241001,20241031,4,100000.00000
6089160187,백로체육관,22,태권도,48,경남,48120,창원시,경남 창원시 마산구 내서읍 중리,백로상가405호,63085,0552322077,태권도 이론과 실기,169941,2024,10,20241001,20241031,4,100000.00000
6089160187,백로체육관,22,태권도,48,경남,48120,창원시,경남 창원시 마산구 내서읍 중리,백로상가405호,63085,0552322077,태권도 이론과 실기,979457,2024,10,20241001,20241031,1,100000.00000
6089160187,백로체육관,22,태권도,48,경남,48120,창원시,경남 창원시 마산구 내서읍 중리,백로상가405호,63085,0552322077,태권도 이론과 실기,980459,2024,10,20241001,20241031,2,100000.00000
6089161944,연무체육관,22,태권도,48,경남,48740,창녕군,경남 창녕군 창년읍,교하리44-13,63580,,연무태권도,2250638,2024,09,20240901,20240930,7,100000.00000
6089164960,북마산동양체육관,22,태권도,48,경남,48120,창원시,경남 창원시 마산합포구 회원동,359-11,63004,,태권도,2283685,2024,09,20240901,20240930,27,100000.00000
6089164960,북마산동양체육관,22,태권도,48,경남,48120,창원시,경남 창원시 마산합포구 회원동,359-11,63004,,태권도,2283685,2024,10,20241001,20241031,25,100000.00000
6092331648,택견,03,기타종목,48,경남,48120,창원시,경남 창원시 진해구 경화동 744~851,832-1번지,64580,,택견,170274,2024,09,20240901,20240930,1,100000.00000
6098207688,창원시설공단 성산스포츠센터,12,수영,48,경남,48120,창원시,경상남도 창원시 의창구 원이대로 450,창원시설공단(두대동),51411,0557120114,수영자유이용(일반),1050,2024,10,20241002,20241002,0,55000.00000
6098207688,창원시설공단 성산스포츠센터,79,필라테스,48,경남,48120,창원시,경상남도 창원시 의창구 원이대로 450,창원시설공단(두대동),51411,0557120114,기구 필라테스(토),1121,2024,10,20241002,20241002,1,100000.00000
6098207688,창원시설공단 성산스포츠센터,25,헬스,48,경남,48120,창원시,경상남도 창원시 의창구 원이대로 450,창원시설공단(두대동),51411,0557120114,헬스(평일 오전 B),3367533,2024,10,20241002,20241002,1,40000.00000
6109071716,역도산체육관,22,태권도,31,울산,31140,남구,울산 남구 달동 628~650,630-24,68080,0522730961,태권도,995457,2024,09,20240901,20240930,10,100000.00000
6109071716,역도산체육관,22,태권도,31,울산,31140,남구,울산 남구 달동 628~650,630-24,68080,0522730961,태권도,995457,2024,10,20241001,20241031,10,100000.00000
6109071716,역도산체육관,22,태권도,31,울산,31140,남구,울산 남구 달동 628~650,630-24,68080,0522730961,태권도,995457,2024,11,20241101,20241130,8,100000.00000
6109183320,신화태권도스쿨,22,태권도,31,울산,31140,남구,울산 남구 삼산동 세양청구아파트,상가4층 403호 신화태권도스쿨,68076,0522572021,신화태권도스쿨,1,2024,09,20240901,20240930,2,100000.00000
6139062157,한울체육관,22,태권도,48,경남,48170,진주시,경남 진주시 평거동 206~747,733-2번지(평거농협3층),66099,0557460822,한울체육관,13182,2024,09,20240901,20240930,1,140000.00000
6139062157,한울체육관,22,태권도,48,경남,48170,진주시,경남 진주시 평거동 206~747,733-2번지(평거농협3층),66099,0557460822,한울체육관,282790,2024,09,20240901,20240930,8,100000.00000
6139062157,한울체육관,22,태권도,48,경남,48170,진주시,경남 진주시 평거동 206~747,733-2번지(평거농협3층),66099,0557460822,한울체육관,13182,2024,10,20241001,20241031,1,140000.00000
6139062157,한울체육관,22,태권도,48,경남,48170,진주시,경남 진주시 평거동 206~747,733-2번지(평거농협3층),66099,0557460822,한울체육관,282790,2024,10,20241001,20241031,8,100000.00000
6139137752,화랑제33체육관,22,태권도,48,경남,48120,창원시,경남 창원시 마산구 중앙동2가,경동메르빌 상가 3층,63142,0552231210,태권도,2700,2024,09,20240901,20240930,8,100000.00000
6139137752,화랑제33체육관,22,태권도,48,경남,48120,창원시,경남 창원시 마산구 중앙동2가,경동메르빌 상가 3층,63142,0552231210,태권도,2700,2024,10,20241001,20241031,8,100000.00000
6159109631,동양태권도스쿨,22,태권도,48,경남,48250,김해시,경남 김해시 삼정동 589~870,643-12,62191,0553383265,태권도,193536,2024,09,20240901,20240930,2,100000.00000
6159109631,동양태권도스쿨,22,태권도,48,경남,48250,김해시,경남 김해시 삼정동 589~870,643-12,62191,0553383265,태권도,193538,2024,09,20240901,20240930,3,100000.00000
6159109631,동양태권도스쿨,22,태권도,48,경남,48250,김해시,경남 김해시 삼정동 589~870,643-12,62191,0553383265,태권도수련,307461,2024,09,20240901,20240930,2,100000.00000
6159109631,동양태권도스쿨,22,태권도,48,경남,48250,김해시,경남 김해시 삼정동 589~870,643-12,62191,0553383265,태권도,193536,2024,10,20241001,20241031,2,100000.00000
6159109631,동양태권도스쿨,22,태권도,48,경남,48250,김해시,경남 김해시 삼정동 589~870,643-12,62191,0553383265,태권도,193538,2024,10,20241001,20241031,3,100000.00000
6159109631,동양태권도스쿨,22,태권도,48,경남,48250,김해시,경남 김해시 삼정동 589~870,643-12,62191,0553383265,태권도수련,307461,2024,10,20241001,20241031,2,100000.00000
6159137632,현인태권도,22,태권도,48,경남,48250,김해시,경남 김해시 어방동 동원아파트 상가,B-117호,62175,0553219283,태권도실기수업,166956,2024,09,20240901,20240930,37,100000.00000
6159137632,현인태권도,22,태권도,48,경남,48250,김해시,경남 김해시 어방동 동원아파트 상가,B-117호,62175,0553219283,태권도실기수업,166956,2024,10,20241001,20241031,36,100000.00000
6201287352,해동검도 문현도장,01,검도,31,울산,31170,동구,울산 동구 방어동 935~1381,1136-3번지2층해동검도,68280,0522016665,"강좌명(해동검도 100,000원)",2289560,2024,09,20240901,20240930,5,100000.00000
6201287352,해동검도 문현도장,01,검도,31,울산,31170,동구,울산 동구 방어동 935~1381,1136-3번지2층해동검도,68280,0522016665,"강좌명(해동검도 100,000원)",2289560,2024,10,20241001,20241031,5,100000.00000
6201287352,해동검도 문현도장,01,검도,31,울산,31170,동구,울산 동구 방어동 935~1381,1136-3번지2층해동검도,68280,0522016665,"강좌명(해동검도 100,000원)",2289560,2024,11,20241101,20241130,1,100000.00000
6349201622,한국체대 가온 태권도장,22,태권도,41,경기,41220,평택시,경기도 평택시 고덕면 고덕갈평5길 32,7층 703호 한국체대 가온 태권도장,18008,,태권도,2297596,2024,09,20240901,20240930,3,100000.00000
6349201622,한국체대 가온 태권도장,22,태권도,41,경기,41220,평택시,경기도 평택시 고덕면 고덕갈평5길 32,7층 703호 한국체대 가온 태권도장,18008,,태권도,2297596,2024,10,20241001,20241031,3,100000.00000
6349201622,한국체대 가온 태권도장,22,태권도,41,경기,41220,평택시,경기도 평택시 고덕면 고덕갈평5길 32,7층 703호 한국체대 가온 태권도장,18008,,태권도,906503,2024,10,20241001,20241031,0,170000.00000
8839900597,신월익스트림태권도,22,태권도,11,서울,11470,양천구,서울특별시 양천구 가로공원로 106,2층 신월익스트림태권도(신월동),07910,0226969397,신월익스트림태권도,499461,2024,10,20241001,20241031,13,100000.00000
